{
  "split": "test",
  "samples": 72,
  "parse_success_rate": 1.0,
  "cer_completo": 0.21031746031746032,
  "cer_decimal": 0.3796296296296296,
  "exact_match_rate": 0.3888888888888889,
  "reading_char_accuracy": 0.7896825396825397,
  "decimal_char_accuracy": 0.6203703703703705,
  "f1_fabricante_macro": 0.7384199134199134,
  "f1_estado_macro": 0.49295774647887325,
  "accuracy_fabricante": 0.9722222222222222,
  "accuracy_estado": 0.9722222222222222,
  "precision_fabricante_macro": 0.7352564102564103,
  "recall_fabricante_macro": 0.7416666666666667,
  "precision_estado_macro": 0.4861111111111111,
  "recall_estado_macro": 0.5,
  "fabricante_report": {
    "ENERGYGRUS": {
      "precision": 0.0,
      "recall": 0.0,
      "f1-score": 0.0,
      "support": 1.0
    },
    "ENERGYRUS": {
      "precision": 0.9666666666666667,
      "recall": 0.9666666666666667,
      "f1-score": 0.9666666666666667,
      "support": 30.0
    },
    "SAGA": {
      "precision": 0.9743589743589743,
      "recall": 1.0,
      "f1-score": 0.987012987012987,
      "support": 38.0
    },
    "hidrometer": {
      "precision": 1.0,
      "recall": 1.0,
      "f1-score": 1.0,
      "support": 3.0
    },
    "accuracy": 0.9722222222222222,
    "macro avg": {
      "precision": 0.7352564102564103,
      "recall": 0.7416666666666667,
      "f1-score": 0.7384199134199134,
      "support": 72.0
    },
    "weighted avg": {
      "precision": 0.9586894586894587,
      "recall": 0.9722222222222222,
      "f1-score": 0.9653679653679654,
      "support": 72.0
    }
  },
  "estado_report": {
    "embacado": {
      "precision": 0.0,
      "recall": 0.0,
      "f1-score": 0.0,
      "support": 2.0
    },
    "normal": {
      "precision": 0.9722222222222222,
      "recall": 1.0,
      "f1-score": 0.9859154929577465,
      "support": 70.0
    },
    "accuracy": 0.9722222222222222,
    "macro avg": {
      "precision": 0.4861111111111111,
      "recall": 0.5,
      "f1-score": 0.49295774647887325,
      "support": 72.0
    },
    "weighted avg": {
      "precision": 0.9452160493827161,
      "recall": 0.9722222222222222,
      "f1-score": 0.958528951486698,
      "support": 72.0
    }
  },
  "summary_table": [
    {
      "métrica": "Amostras avaliadas",
      "valor": "72",
      "descrição": "Total de crops com ground truth"
    },
    {
      "métrica": "Taxa de JSON válido (parse)",
      "valor": "100.0%",
      "descrição": "Predições que geraram JSON estruturado"
    },
    {
      "métrica": "Acurácia exata da leitura (exact match)",
      "valor": "38.9%",
      "descrição": "Leitura.completo idêntica ao ground truth"
    },
    {
      "métrica": "Acurácia por caractere (1 - CER)",
      "valor": "79.0%",
      "descrição": "Proximidade caractere a caractere do visor"
    },
    {
      "métrica": "CER completo",
      "valor": "21.0%",
      "descrição": "Character Error Rate (menor = melhor)"
    },
    {
      "métrica": "Acurácia fabricante",
      "valor": "97.2%",
      "descrição": "Classificação correta da marca/placa"
    },
    {
      "métrica": "Precisão fabricante (macro)",
      "valor": "73.5%",
      "descrição": "Média macro de precisão por classe"
    },
    {
      "métrica": "Acurácia estado",
      "valor": "97.2%",
      "descrição": "Classificação correta do estado do visor"
    },
    {
      "métrica": "Precisão estado (macro)",
      "valor": "48.6%",
      "descrição": "Média macro de precisão por classe"
    },
    {
      "métrica": "F1 fabricante (macro)",
      "valor": "73.8%",
      "descrição": "Balanceamento precisão/recall por fabricante"
    },
    {
      "métrica": "F1 estado (macro)",
      "valor": "49.3%",
      "descrição": "Balanceamento precisão/recall por estado"
    }
  ],
  "adapter_size_mb": 80.73351764678955,
  "vram_peak_mb": 745.9404296875,
  "throughput_ips": 0.5423318538584758
}